time,ticker,quantity,price
1605882839612,AAME,200,50
1605882839628,ABEOW,900,50
1605882839644,ABIL,100,48
1605882839660,ABMD,800,49
1605882839676,ABCB,400,50
1605882839692,ABEOW,500,54
1605882839708,ABIO,200,48
1605882839724,ABCB,600,50
1605882839613,AAON,400,50
1605882839629,ABAC,400,49
1605882839645,AAON,800,49
1605882839661,AAME,800,53
1605882839677,AAPC,200,49
1605882839693,AAAP,500,49
1605882839709,AAPL,800,49
1605882839725,ABCD,500,51
1605882839614,ABAC,800,50
1605882839630,ABDC,400,50
1605882839646,ABCO,400,50
1605882839662,AAWW,900,51
1605882839678,ABCB,600,50
1605882839694,ABIL,100,45
1605882839710,ABIO,500,48
1605882839726,AAL,600,52
1605882839615,ABMD,700,50
1605882839631,ABMD,200,49
1605882839647,AAON,400,49
1605882839663,ABIO,300,49
1605882839679,ABAX,900,50
1605882839695,ABCD,600,50
1605882839711,ABDC,700,52
1605882839727,ABIO,200,48
1605882839616,ABIL,100,50
1605882839632,AAXJ,300,50
1605882839648,AAPL,900,49
1605882839664,AAAP,800,49
1605882839680,AAOI,400,50
1605882839696,ABMD,700,49
1605882839712,ABCD,200,51
1605882839728,AAAP,900,49
1605882839617,AAME,700,50
1605882839633,ABIO,800,50
1605882839649,ABIL,300,47
1605882839665,ABCO,300,49
1605882839681,ABEO,200,50
1605882839697,AAPL,800,49
1605882839713,AAPL,800,50
1605882839729,ABEO,400,50
1605882839618,ABAC,700,50
1605882839634,AAL,800,50
1605882839650,AAWW,400,50
1605882839666,AAPL,500,49
1605882839682,ABIL,400,46
1605882839698,ABIL,500,45
1605882839714,AAPC,200,48
1605882839730,ABMD,900,48
1605882839619,AAAP,700,50
1605882839635,ABCB,300,50
1605882839651,ABDC,800,50
1605882839667,AAON,100,49
1605882839683,AAXJ,700,50
1605882839699,AAXJ,400,50
1605882839715,AAOI,500,50
1605882839731,ABMD,700,48
1605882839620,ABDC,300,50
1605882839636,AAL,700,49
1605882839652,AAAP,500,49
1605882839668,ABCD,600,50
1605882839684,ABEOW,500,52
1605882839700,AAOI,100,50
1605882839716,ABCB,600,50
1605882839732,ABAX,900,51
1605882839621,AAWW,300,50
1605882839637,AAON,800,49
1605882839653,ABAC,100,49
1605882839669,ABIL,600,46
1605882839685,AAME,200,54
1605882839701,ABEO,300,49
1605882839717,AAPC,600,48
1605882839733,ABMD,900,48
1605882839622,AAME,300,51
1605882839638,AAL,400,49
1605882839654,ABDC,500,51
1605882839670,ABCD,200,50
1605882839686,ABAX,400,50
1605882839702,AAPC,400,49
1605882839718,AAL,800,50
1605882839734,ABCD,900,52
1605882839623,ABCO,500,50
1605882839639,ABEOW,900,50
1605882839655,ABAX,200,50
1605882839671,AAPC,300,49
1605882839687,AAWW,200,51
1605882839703,AAL,400,50
1605882839719,ABMD,900,49
1605882839735,AAXJ,300,51
1605882839624,ABIL,300,49
1605882839640,ABIL,200,49
1605882839656,AAON,500,49
1605882839672,ABMD,800,49
1605882839688,ABEOW,600,52
1605882839704,ABIO,200,49
1605882839720,AAL,800,51
1605882839736,ABCB,800,50
1605882839625,AAPL,600,50
1605882839641,AAPC,600,50
1605882839657,ABIL,300,46
1605882839673,ABCD,400,50
1605882839689,AAAP,200,49
1605882839705,ABCB,300,50
1605882839721,AAPC,100,48
1605882839626,ABAC,100,49
1605882839642,AAPC,300,49
1605882839658,ABIO,300,50
1605882839674,AAL,700,49
1605882839690,ABMD,900,49
1605882839706,ABMD,600,49
1605882839722,ABEOW,400,55
1605882839738,ABMD,600,47
1605882839627,AAME,700,52
1605882839643,ABEOW,400,51
1605882839659,AAL,100,49
1605882839675,ABAX,800,50
1605882839691,ABEOW,300,53
1605882839707,AAON,600,49
1605882839723,ABEO,700,50
1605882839739,AAPC,600,48
1605882839740,ABCB,800,51
1605882839756,AAPC,700,48
1605882839772,ABCB,900,53
1605882839788,AAWW,700,53
1605882839804,ABEO,500,48
1605882839741,ABIO,700,48
1605882839757,ABMD,200,46
1605882839773,AAME,600,54
1605882839789,ABIO,600,47
1605882839805,ABEOW,500,57
1605882839742,ABCB,600,52
1605882839758,ABIO,300,48
1605882839774,AAL,200,58
1605882839790,AAME,100,54
1605882839806,AAXJ,700,59
1605882839743,ABIL,500,44
1605882839759,AAAP,200,49
1605882839775,AAPL,400,50
1605882839791,ABCO,300,49
1605882839807,ABCB,800,54
1605882839744,AAPC,600,47
1605882839760,AAL,700,53
1605882839776,AAL,900,61
1605882839792,AAWW,100,54
1605882839745,AAPC,400,48
1605882839761,AAAP,400,50
1605882839777,AAL,300,63
1605882839793,ABIO,300,47
1605882839746,ABEO,700,50
1605882839762,ABAC,500,48
1605882839778,ABEO,400,49
1605882839794,ABIO,500,46
1605882839747,ABCD,400,53
1605882839763,AAL,900,54
1605882839779,AAWW,500,53
1605882839795,ABDC,800,53
1605882839811,ABAC,600,47
1605882839748,AAXJ,800,52
1605882839764,ABAX,500,51
1605882839780,AAAP,100,50
1605882839796,ABIL,500,43
1605882839749,AAOI,500,50
1605882839765,ABMD,100,46
1605882839781,ABCD,900,54
1605882839797,ABMD,500,45
1605882839750,AAXJ,400,52
1605882839766,AAAP,400,50
1605882839782,AAL,200,65
1605882839798,AAOI,800,51
1605882839814,AAL,500,69
1605882839751,AAWW,800,52
1605882839767,AAME,100,54
1605882839783,AAL,900,67
1605882839799,ABCB,300,54
1605882839752,AAXJ,400,53
1605882839768,AAOI,900,50
1605882839784,ABEOW,300,56
1605882839800,ABIL,300,42
1605882839737,AAPL,500,50
1605882839753,AAXJ,700,54
1605882839769,AAL,700,56
1605882839785,ABCO,500,49
1605882839801,AAPL,500,51
1605882839817,AAOI,900,51
1605882839754,ABEOW,500,56
1605882839770,AAOI,800,50
1605882839786,AAON,800,49
1605882839802,AAPL,400,51
1605882839755,ABEOW,400,56
1605882839771,AAXJ,600,56
1605882839787,AAXJ,800,58
1605882839803,ABIO,700,46
1605882839820,AAPL,200,52
1605882839836,ABAX,100,51
1605882839852,ABMD,500,40
1605882839821,AAWW,600,55
1605882839837,ABCO,300,48
1605882839822,AAXJ,900,61
1605882839838,AAL,900,75
1605882839823,ABIO,900,46
1605882839839,AAXJ,300,63
1605882839855,AAL,600,78
1605882839808,ABMD,500,44
1605882839824,ABIO,600,46
1605882839840,ABAC,200,43
1605882839809,ABMD,200,43
1605882839825,AAME,100,55
1605882839841,AAOI,900,51
1605882839810,ABAX,600,51
1605882839826,AAAP,100,51
1605882839842,AAAP,700,51
1605882839827,ABDC,400,54
1605882839843,ABCD,600,57
1605882839812,AAPL,100,51
1605882839828,AAL,300,72
1605882839844,ABIO,200,47
1605882839813,ABCO,300,48
1605882839829,AAPL,400,52
1605882839845,ABAX,400,51
1605882839830,ABEO,500,47
1605882839846,AAOI,500,52
1605882839815,ABIO,100,46
1605882839831,AAXJ,500,62
1605882839847,AAWW,200,57
1605882839816,ABEO,300,47
1605882839832,ABAC,800,45
1605882839848,AAOI,400,52
1605882839833,ABEOW,300,58
1605882839849,ABAX,700,51
1605882839818,ABMD,200,42
1605882839834,ABAC,600,44
1605882839850,ABIL,700,41
1605882839819,ABCD,800,56
1605882839835,AAME,900,55
1605882839851,ABMD,800,41
1605882839868,ABCB,100,55
1605882839853,ABDC,500,54
1605882839854,ABCD,700,59
1605882839871,ABCB,900,54
1605882839856,AAON,900,48
1605882839857,ABEO,200,46
1605882839858,AAON,500,48
1605882839859,AAME,700,54
1605882839860,ABDC,800,54
1605882839861,AAON,700,47
1605882839862,ABDC,900,54
1605882839864,ABEO,900,45
1605882839865,ABMD,300,39
1605882839866,AAPC,600,49
1605882839867,AAOI,600,53
1605882839869,ABMD,900,39
1605882839870,ABIO,100,47
1605882839872,AAAP,100,51
1605882839873,ABIO,100,48
1605882839874,ABAC,700,41
1605882839875,ABIL,600,40
1605882839877,AAPL,500,53
1605882839878,ABEOW,700,60
1605882839863,ABEOW,100,59
1605882839879,ABMD,100,39
1605882839876,ABDC,600,54
1605882839880,ABDC,600,54
1605882839881,AAWW,100,58
1605882839882,AAON,600,47
1605882839884,AAME,800,54
1605882839885,ABDC,600,54
1605882839887,AAAP,700,52
1605882839888,ABAC,900,40
1605882839890,AAME,900,53
1605882839889,ABDC,600,53
1605882839892,AAPL,100,54
1605882839895,ABAC,200,37
1605882839896,ABDC,700,53
1605882839883,AAPC,200,50
1605882839886,AAON,600,47
1605882839902,AAAP,500,52
1605882839891,AAWW,500,60
1605882839899,ABCO,400,49
1605882839900,AAL,500,83
1605882839903,ABIL,400,39
1605882839904,AAL,200,89
1605882839908,ABIL,200,37
1605882839893,AAL,400,80
1605882839894,ABAC,300,39
1605882839905,ABEO,200,44
1605882839909,AAPC,600,52
1605882839898,ABCD,500,61
1605882839914,AAON,400,46
1605882839901,AAL,400,86
1605882839907,AAL,900,91
1605882839910,AAPL,900,54
1605882839916,AAWW,500,62
1605882839917,AAAP,100,53
1605882839906,ABAC,300,36
1605882839915,ABDC,800,52
1605882839911,ABEOW,900,61
1605882839897,AAPC,900,50
1605882839913,ABEOW,400,62
1605882839918,ABCD,600,62
1605882839919,AAAP,800,53
1605882839920,AAWW,400,63
1605882839922,ABAX,500,50
1605882839924,AAAP,400,53
1605882839927,ABCB,500,55
1605882839912,AAXJ,300,65
1605882839921,ABIL,800,35
1605882839923,ABAC,300,34
1605882839925,AAPC,400,52
1605882839930,AAON,100,46
1605882839932,AAPC,900,55
1605882839933,AAPC,700,56
1605882839935,ABCD,900,64
1605882839926,ABIO,100,49
1605882839936,AAME,500,52
1605882839937,ABIL,300,33
1605882839928,AAPC,600,54
1605882839944,AAON,800,45
1605882839942,AAPC,900,59
1605882839946,ABIL,900,32
1605882839939,ABAC,400,33
1605882839948,ABEOW,900,64
1605882839949,AAPL,700,56
1605882839934,ABAX,800,50
1605882839950,ABEOW,200,65
1605882839938,AAPC,100,58
1605882839940,AAAP,800,54
1605882839941,AAAP,900,54
1605882839931,ABIO,500,51
1605882839947,AAON,200,45
1605882839951,AAWW,600,65
1605882839954,ABMD,700,38
1605882839955,ABCD,800,66
1605882839956,AAON,200,44
1605882839957,ABAC,300,31
1605882839958,ABIO,900,53
1605882839943,ABMD,300,38
1605882839959,AAL,700,94
1605882839960,AAME,400,49
1605882839963,AAAP,700,55
1605882839964,AAON,400,43
1605882839965,AAME,300,48
1605882839966,AAXJ,400,66
1605882839967,AAON,500,43
1605882839952,ABIL,500,30
1605882839968,ABCB,100,55
1605882839953,ABCO,600,49
1605882839969,ABEOW,700,67
1605882839970,ABEOW,800,69
1605882839971,AAOI,800,53
1605882839972,AAPC,600,61
1605882839973,AAOI,200,54
1605882839974,ABEOW,500,71
1605882839975,ABMD,400,38
1605882839976,AAME,100,46
1605882839929,ABAX,300,50
1605882839945,AAME,100,51
1605882839961,AAWW,200,66
1605882839977,AAPC,300,63
1605882839962,AAWW,600,68
1605882839980,ABIO,700,55
1605882839978,AAON,600,41
1605882839979,ABAC,200,30
1605882839981,ABEO,800,43
1605882839982,AAPL,100,57
1605882839985,ABDC,900,51
1605882839986,ABAC,100,28
1605882839991,ABCD,700,68
1605882839983,ABIO,300,57
1605882839984,AAON,100,41
1605882839987,ABDC,300,51
1605882839995,ABAX,100,50
1605882839988,AAON,700,41
1605882839989,AAXJ,800,68
1605882839990,ABIL,100,29
1605882839992,ABAC,300,27
1605882839999,ABAX,800,49
1605882839998,AAWW,700,70
1605882840000,AAWW,300,72
1605882839994,AAWW,300,69
1605882839997,ABEOW,500,73
1605882840001,ABMD,900,38
1605882840004,AAON,600,41
1605882840005,ABDC,100,50
1605882839993,AAL,400,97
1605882840006,ABCD,100,69
1605882839996,ABIO,700,60
1605882840012,AAPL,900,57
1605882840013,AAAP,900,55
1605882840015,ABCO,100,50
1605882840002,AAPC,700,65
1605882840003,ABEOW,500,75
1605882840007,ABEOW,100,77
1605882840008,ABEO,400,41
1605882840009,ABAX,800,49
1605882840010,ABCO,400,50
1605882840011,AAME,900,44
1605882840019,AAON,800,41
1605882840020,ABAX,300,48
1605882840017,ABCD,600,71
1605882840018,ABMD,400,37
1605882840016,ABMD,700,37
1605882840014,AAPL,200,58
1605882840022,ABMD,500,36
1605882840023,AAPL,700,58
1605882840021,ABIL,600,28
1605882840026,ABCO,200,50
1605882840025,ABEO,800,40
1605882840028,ABAC,100,26
1605882840031,ABCD,900,73
1605882840024,ABMD,800,36
1605882840027,AAPC,200,67
1605882840032,ABCO,600,51
1605882840029,ABIO,600,62
1605882840030,ABEO,300,39
1605882840033,ABIO,300,64
1605882840037,ABIL,400,27
1605882840041,ABDC,500,50
1605882840034,ABEOW,400,79
1605882840035,ABMD,300,36
1605882840036,ABEO,500,38
1605882840038,ABAX,100,47
1605882840039,ABAC,600,25
1605882840040,AAON,400,42
1605882840042,ABEOW,700,81
1605882840044,ABAX,700,46
1605882840051,ABEOW,100,84
1605882840047,AAPL,700,59
1605882840043,AAWW,800,73
1605882840060,AAWW,700,75
1605882840045,ABAX,300,46
1605882840061,ABCO,300,51
1605882840046,AAAP,500,55
1605882840062,ABAC,600,24
1605882840063,ABIO,300,66
1605882840048,ABIL,500,26
1605882840050,ABDC,500,50
1605882840066,ABAC,600,23
1605882840052,ABEOW,300,87
1605882840053,ABAX,400,45
1605882840054,AAWW,300,74
1605882840055,ABAX,800,44
1605882840057,ABCB,300,55
1605882840059,ABEO,400,37
1605882840049,AAON,600,43
1605882840065,ABMD,700,35
1605882840068,ABAC,900,21
1605882840058,ABIL,300,24
1605882840064,ABCO,700,52
1605882840056,ABMD,700,36
1605882840072,AAME,900,42
1605882840067,AAON,400,43
1605882840069,ABEOW,800,89
1605882840073,AAOI,100,55
1605882840071,ABAC,200,20
1605882840074,ABDC,100,49
1605882840076,AAON,700,44
1605882840077,ABIO,500,68
1605882840078,ABAX,600,43
1605882840079,ABCB,600,56
1605882840082,ABAC,900,20
1605882840083,ABMD,600,36
1605882840070,ABCB,700,56
1605882840075,ABEOW,300,93
1605882840080,ABEOW,100,95
1605882840081,AAPL,600,60
1605882840092,ABAX,500,40
1605882840084,AAME,500,40
1605882840086,AAME,100,38
1605882840093,ABMD,600,38
1605882840088,ABAX,100,41
1605882840085,ABAC,800,19
1605882840091,ABDC,800,48
1605882840094,AAPC,600,68
1605882840089,AAWW,600,76
1605882840098,ABMD,500,39
1605882840087,ABMD,300,37
1605882840096,ABDC,100,48
1605882840097,ABEOW,800,98
1605882840090,AAWW,900,77
1605882840100,AAAP,600,55
1605882840095,AAPL,100,61
1605882840099,ABEO,200,35
1605882840101,AAXJ,700,69
1605882840103,ABMD,900,40
1605882840102,AAOI,900,56
1605882840104,AAON,600,45
1605882840105,ABDC,400,47
1605882840106,ABIL,400,23
1605882840107,ABEOW,900,100
1605882840111,ABEOW,600,103
1605882840116,AAON,600,46
1605882840115,ABAC,900,19
1605882840117,AAPC,500,70
1605882840119,ABCD,100,75
1605882840112,AAPL,400,62
1605882840108,ABIO,100,71
1605882840109,AAL,400,100
1605882840113,ABEOW,700,105
1605882840114,ABCO,700,53
1605882840118,ABAX,400,38
1605882840120,ABAX,900,37
1605882840110,ABEO,300,34
1605882840121,ABCO,200,53
1605882840122,AAME,500,37
1605882840123,ABDC,800,47
1605882840128,ABCB,700,56
1605882840131,ABCB,800,56
1605882840134,AAWW,700,78
1605882840135,ABEOW,200,112
1605882840124,ABMD,400,41
1605882840140,ABIO,800,72
1605882840156,ABDC,300,46
1605882840125,ABCD,900,77
1605882840141,AAPL,900,63
1605882840157,ABAX,200,35
1605882840126,ABEOW,200,108
1605882840142,AAXJ,200,71
1605882840158,ABAX,600,34
1605882840144,ABIL,800,20
1605882840129,ABCD,300,79
1605882840145,ABEO,800,32
1605882840161,AAOI,100,59
1605882840130,ABIL,400,22
1605882840146,AAOI,900,58
1605882840147,ABCD,900,82
1605882840150,ABCB,900,56
1605882840136,AAME,300,34
1605882840152,ABCO,900,54
1605882840137,AAON,800,47
1605882840153,ABEO,700,29
1605882840138,ABEOW,500,115
1605882840154,AAWW,600,81
1605882840139,ABEOW,400,117
1605882840155,ABCB,200,56
1605882840127,ABAX,500,36
1605882840160,ABIL,600,19
1605882840162,ABDC,200,45
1605882840151,AAWW,900,79
1605882840143,ABEOW,500,120
1605882840159,AAL,500,102
1605882840163,ABMD,400,42
1605882840132,ABEOW,500,110
1605882840148,ABEO,300,30
1605882840164,ABIO,700,74
1605882840133,ABCD,800,81
1605882840149,ABCO,600,54
1605882840165,AAAP,800,55
1605882840166,AAOI,900,61
1605882840168,ABAX,500,34
1605882840169,ABCO,400,55
1605882840170,ABDC,400,45
1605882840167,AAON,700,48
1605882840172,ABDC,300,44
1605882840188,ABEO,500,25
1605882840174,ABIL,200,16
1605882840190,AAL,400,107
1605882840175,ABCO,400,56
1605882840191,AAPC,100,72
1605882840178,AAOI,900,65
1605882840194,AAME,300,32
1605882840179,ABIL,200,15
1605882840195,AAPL,700,64
1605882840180,AAPL,300,64
1605882840181,AAL,700,105
1605882840197,AAAP,600,56
1605882840182,ABMD,200,42
1605882840183,ABIO,900,77
1605882840184,ABCO,800,57
1605882840185,ABCB,100,56
1605882840186,AAOI,200,66
1605882840171,ABIL,500,17
1605882840187,ABCD,900,83
1605882840173,ABEO,800,27
1605882840189,ABIO,100,79
1605882840176,ABAX,900,33
1605882840192,ABAX,600,33
1605882840177,AAOI,100,63
1605882840193,ABIL,600,14
1605882840210,ABAC,900,17
1605882840211,ABCO,600,58
1605882840196,AAME,400,30
1605882840198,AAWW,700,82
1605882840200,AAAP,500,57
1605882840201,ABCD,100,85
1605882840202,ABIL,800,13
1605882840203,AAL,200,109
1605882840204,AAON,700,49
1605882840205,ABCD,200,87
1605882840206,ABCO,300,57
1605882840207,ABIL,200,12
1605882840208,ABAC,300,18
1605882840209,AAXJ,800,73
1605882840213,AAXJ,600,75
1605882840199,ABIO,900,81
1605882840215,AAPL,200,65
1605882840212,AAOI,800,68
1605882840217,ABMD,700,43
1605882840219,AAPC,300,73
1605882840223,ABEOW,300,122
1605882840214,ABEO,600,24
1605882840216,ABIO,100,84
1605882840218,AAOI,300,70
1605882840221,ABAX,500,32
1605882840222,AAON,400,50
1605882840224,ABIO,600,85
1605882840220,AAOI,600,71
1605882840225,ABCB,200,57
1605882840226,ABMD,500,43
1605882840237,ABIO,800,87
1605882840239,ABCO,700,58
1605882840240,ABEOW,900,124
1605882840228,AAPL,500,66
1605882840230,ABAC,900,17
1605882840232,ABCO,900,58
1605882840233,ABDC,200,42
1605882840234,ABCB,200,57
1605882840236,AAAP,500,58
1605882840238,AAOI,100,73
1605882840241,AAAP,600,59
1605882840252,AAPL,900,68
1605882840253,ABMD,400,45
1605882840254,ABCB,300,59
1605882840256,AAON,100,53
1605882840257,ABIL,200,11
1605882840242,ABCB,800,58
1605882840227,ABCD,200,88
1605882840243,ABEOW,500,126
1605882840244,AAPC,700,75
1605882840229,ABDC,400,43
1605882840245,ABCO,800,58
1605882840246,AAON,200,51
1605882840231,ABCO,500,58
1605882840247,ABMD,200,45
1605882840248,AAPC,800,77
1605882840249,AAPC,100,79
1605882840250,ABAC,700,15
1605882840235,ABMD,700,44
1605882840251,ABAX,500,32
1605882840258,AAXJ,800,77
1605882840259,ABCD,800,90
1605882840261,AAME,800,28
1605882840262,AAWW,300,84
1605882840263,ABIL,800,10
1605882840268,AAON,900,54
1605882840255,ABEO,400,23
1605882840271,ABCD,700,94
1605882840267,ABCD,300,92
1605882840284,ABEOW,200,129
1605882840269,ABCO,200,58
1605882840285,AAPC,600,82
1605882840287,ABDC,100,40
1605882840272,ABIL,100,9
1605882840274,AAPL,500,70
1605882840275,ABCO,100,58
1605882840260,AAXJ,300,79
1605882840276,AAME,200,26
1605882840277,ABCO,200,57
1605882840278,AAOI,600,74
1605882840279,ABCO,500,57
1605882840264,ABCO,400,58
1605882840280,AAL,700,112
1605882840265,ABIO,600,88
1605882840281,ABCO,600,57
1605882840266,AAWW,100,86
1605882840282,ABAC,700,14
1605882840283,ABAX,800,32
1605882840270,ABCB,800,61
1605882840286,AAL,500,114
1605882840273,ABMD,200,46
1605882840288,ABIO,700,89
1605882840289,ABMD,800,47
1605882840290,ABDC,900,39
1605882840291,AAL,600,117
1605882840293,ABIO,600,90
1605882840300,ABCB,300,62
1605882840316,AAWW,700,89
1605882840302,AAWW,200,87
1605882840303,ABIO,600,92
1605882840304,ABCD,700,101
1605882840306,AAON,100,54
1605882840307,ABCD,500,103
1605882840292,AAPL,800,71
1605882840308,AAON,500,55
1605882840309,AAPL,300,76
1605882840294,AAAP,600,60
1605882840310,ABEOW,100,131
1605882840296,ABEO,300,21
1605882840312,ABDC,200,37
1605882840299,ABCD,300,98
1605882840315,AAON,900,57
1605882840318,ABCO,200,56
1605882840320,ABCO,300,55
1605882840324,AAL,100,119
1605882840298,ABIL,300,8
1605882840314,AAAP,900,61
1605882840332,ABDC,400,33
1605882840319,AAOI,400,77
1605882840322,ABCB,600,64
1605882840323,AAWW,600,90
1605882840325,ABDC,800,36
1605882840326,AAL,300,121
1605882840330,AAPL,300,77
1605882840295,ABIO,700,91
1605882840311,AAME,500,24
1605882840327,ABIL,300,7
1605882840343,ABMD,600,49
1605882840331,AAAP,100,62
1605882840348,AAME,100,22
1605882840301,ABMD,600,48
1605882840317,ABAC,500,13
1605882840333,AAON,100,58
1605882840334,ABEOW,800,134
1605882840335,AAOI,700,82
1605882840336,AAOI,600,84
1605882840338,AAWW,500,91
1605882840339,AAPL,300,79
1605882840340,AAOI,100,86
1605882840341,AAL,400,125
1605882840328,AAOI,300,79
1605882840344,ABMD,400,50
1605882840297,ABCD,900,96
1605882840313,AAON,800,57
1605882840329,AAL,700,123
1605882840345,AAON,200,59
1605882840347,AAOI,600,89
1605882840342,AAL,100,127
1605882840350,ABMD,100,51
1605882840305,AAPL,600,74
1605882840321,ABAX,600,31
1605882840337,ABAC,300,12
1605882840353,ABEO,600,18
1605882840346,ABDC,100,31
1605882840351,AAAP,200,63
1605882840367,ABIO,200,92
1605882840352,ABAX,300,31
1605882840368,ABAC,300,10
1605882840354,ABDC,400,29
1605882840370,ABAX,600,29
1605882840355,AAL,400,130
1605882840371,AAAP,100,64
1605882840356,ABEOW,700,136
1605882840372,ABAX,400,28
1605882840357,ABDC,500,27
1605882840373,AAON,900,59
1605882840359,ABIO,500,92
1605882840375,ABCO,700,55
1605882840360,ABIO,700,92
1605882840376,AAPL,600,81
1605882840361,ABCD,700,105
1605882840377,ABDC,600,25
1605882840362,ABMD,400,52
1605882840363,ABCB,100,66
1605882840379,ABAC,700,9
1605882840349,ABEO,800,20
1605882840365,ABAC,200,11
1605882840381,ABEO,800,16
1605882840358,ABAX,100,30
1605882840374,AAWW,600,92
1605882840390,AAAP,300,67
1605882840378,AAME,400,20
1605882840366,ABCB,100,68
1605882840382,AAXJ,300,80
1605882840384,AAAP,400,66
1605882840386,AAPL,300,83
1605882840387,ABEOW,400,138
1605882840389,ABIL,900,7
1605882840391,ABMD,500,52
1605882840383,AAL,600,136
1605882840399,ABAX,700,26
1605882840405,ABMD,300,53
1605882840406,ABEOW,900,143
1605882840392,ABIO,900,93
1605882840394,ABEOW,300,140
1605882840410,ABCD,100,108
1605882840397,ABAX,300,27
1605882840393,AAAP,400,68
1605882840409,AAON,500,58
1605882840395,ABCO,400,54
1605882840400,AAOI,300,92
1605882840369,AAON,200,59
1605882840385,AAPC,300,84
1605882840401,AAPL,300,87
1605882840402,ABAC,500,8
1605882840403,ABCB,300,70
1605882840407,ABAX,100,25
1605882840408,AAL,200,139
1605882840415,ABCO,900,52
1605882840416,ABMD,600,54
1605882840417,ABCD,900,112
1605882840418,ABAX,400,23
1605882840419,ABAC,500,7
1605882840435,ABCD,200,114
1605882840424,ABAC,700,6
1605882840411,AAPC,700,86
1605882840398,ABIO,800,94
1605882840433,AAME,500,12
1605882840440,ABCD,300,120
1605882840413,AAXJ,400,82
1605882840429,AAOI,100,94
1605882840445,AAON,800,58
1605882840414,ABCD,400,110
1605882840432,AAXJ,400,83
1605882840448,AAAP,600,70
1605882840449,AAL,100,141
1605882840434,ABCO,800,49
1605882840450,ABCD,600,122
1605882840421,ABEO,700,14
1605882840437,ABEOW,900,144
1605882840422,AAPL,900,89
1605882840438,ABCD,500,117
1605882840454,ABMD,300,54
1605882840456,AAON,800,57
1605882840425,AAPL,900,91
1605882840441,ABEOW,300,145
1605882840426,ABCO,900,50
1605882840442,ABEOW,100,147
1605882840430,AAME,800,14
1605882840464,ABDC,600,21
1605882840451,AAOI,200,97
1605882840467,ABIO,900,99
1605882840423,AAME,200,17
1605882840439,ABCD,500,119
1605882840455,ABDC,700,23
1605882840461,AAPC,500,89
1605882840446,ABAC,700,5
1605882840462,AAME,600,2
1605882840453,AAWW,200,93
1605882840469,ABCD,800,124
1605882840471,ABMD,500,55
1605882840457,ABMD,200,55
1605882840465,AAPL,500,94
1605882840458,AAME,300,6
1605882840427,ABAX,100,21
1605882840443,ABIL,900,6
1605882840459,ABIO,100,96
1605882840431,AAON,400,58
1605882840447,AAON,400,58
1605882840463,AAOI,800,100
1605882840470,ABAC,100,5
1605882840466,ABIO,900,97
1605882840482,AAOI,700,103
1605882840472,ABMD,700,55
1605882840488,AAL,500,145
1605882840477,AAXJ,700,85
1605882840493,AAAP,400,73
1605882840509,AAOI,400,106
1605882840478,ABAC,200,5
1605882840494,AAXJ,200,88
1605882840479,AAAP,100,72
1605882840495,AAXJ,600,90
1605882840511,AAOI,100,108
1605882840480,AAXJ,900,86
1605882840496,AAXJ,900,91
1605882840498,ABDC,700,15
1605882840514,ABEOW,300,148
1605882840483,ABIL,500,6
1605882840499,ABIO,300,102
1605882840485,ABMD,600,56
1605882840501,ABIL,200,6
1605882840486,ABDC,100,17
1605882840502,ABIO,500,103
1605882840487,AAWW,900,96
1605882840504,AAPC,900,94
1605882840473,ABDC,600,19
1605882840489,ABAC,500,5
1605882840505,AAPL,300,98
1605882840474,ABCB,400,72
1605882840490,AAWW,100,97
1605882840506,AAPC,100,97
1605882840475,AAWW,700,94
1605882840491,ABIO,400,100
1605882840510,ABCB,400,75
1605882840526,ABEO,300,12
1605882840527,ABMD,400,58
1605882840512,ABCO,300,48
1605882840481,ABAC,400,5
1605882840497,AAL,400,148
1605882840513,ABIO,300,105
1605882840529,ABCB,900,82
1605882840515,ABAC,500,5
1605882840531,ABEOW,100,149
1605882840517,ABIL,900,6
1605882840518,AAL,200,153
1605882840503,AAME,600,6
1605882840519,AAPL,200,101
1605882840521,ABMD,500,57
1605882840522,ABCB,900,77
1605882840507,ABAC,600,5
1605882840525,ABCB,600,79
1605882840530,AAOI,400,110
1605882840520,ABMD,300,56
1605882840523,AAAP,300,74
1605882840528,AAON,700,57
1605882840533,ABDC,200,12
1605882840541,ABAC,100,6
1605882840536,AAPL,300,102
1605882840542,ABAC,400,6
1605882840558,AAWW,600,106
1605882840543,AAOI,300,113
1605882840559,ABEOW,100,150
1605882840547,AAWW,600,102
1605882840549,ABMD,900,59
1605882840534,AAPC,200,100
1605882840550,ABCD,500,126
1605882840535,ABCD,600,126
1605882840551,ABCB,800,85
1605882840567,ABAX,300,9
1605882840537,ABAC,500,6
1605882840553,ABCD,100,127
1605882840569,ABAX,400,6
1605882840557,ABEO,700,10
1605882840573,AAXJ,300,93
1605882840544,AAME,900,9
1605882840560,AAON,400,57
1605882840576,ABAX,300,4
1605882840546,AAWW,800,100
1605882840562,ABAX,900,12
1605882840565,ABEO,800,8
1605882840581,ABMD,700,60
1605882840552,AAWW,300,104
1605882840568,ABCO,900,45
1605882840538,ABCO,800,47
1605882840554,ABMD,600,59
1605882840570,ABIL,300,4
1605882840545,ABAC,300,6
1605882840561,AAPL,400,104
1605882840577,AAXJ,300,94
1605882840578,ABCD,700,128
1605882840563,AAON,700,57
1605882840566,AAPL,500,107
1605882840582,AAL,500,156
1605882840539,ABMD,600,59
1605882840555,ABCO,200,46
1605882840571,AAAP,500,75
1605882840574,ABDC,400,9
1605882840590,ABIO,500,109
1605882840575,ABAC,200,6
1605882840591,ABIO,700,111
1605882840579,AAON,300,56
1605882840583,ABAC,300,6
1605882840585,ABAC,400,4
1605882840586,ABDC,100,6
1605882840589,ABIO,400,108
1605882840592,ABIO,600,111
1605882840594,AAL,900,159
1605882840584,ABAC,700,5
1605882840587,ABDC,300,3
1605882840593,ABAC,100,3
1605882840388,AAPL,100,85
1605882840404,ABCO,400,53
1605882840420,ABAC,800,7
1605882840436,ABCD,100,116
1605882840452,AAME,600,9
1605882840468,AAAP,700,71
1605882840484,AAPC,100,92
1605882840500,ABAX,300,15
1605882840516,AAL,600,151
1605882840532,AAXJ,400,92
1605882840548,ABCB,200,84
1605882840564,AAON,100,56
1605882840580,ABIO,100,106
1605882840596,AAL,400,162
1605882840612,ABCO,200,39
1605882840597,AAAP,800,78
1605882840613,ABEOW,800,152
1605882840598,AAWW,800,108
1605882840614,AAXJ,700,96
1605882840599,AAL,600,166
1605882840600,ABCO,400,43
1605882840601,AAME,300,20
1605882840602,ABCO,500,41
1605882840603,AAME,900,23
1605882840364,AAL,900,132
1605882840380,AAL,100,134
1605882840396,ABEOW,300,141
1605882840412,AAAP,100,69
1605882840428,ABAC,700,6
1605882840444,ABAX,700,18
1605882840460,AAAP,700,71
1605882840476,AAPL,700,96
1605882840492,ABAC,500,5
1605882840508,AAWW,800,99
1605882840524,ABMD,300,58
1605882840540,ABIL,700,5
1605882840556,AAME,300,13
1605882840572,AAAP,700,77
1605882840588,AAME,900,16
1605882840604,AAPC,100,104
1605882840620,AAON,500,55
1605882840605,ABIL,200,3
1605882840621,ABEOW,900,153
1605882840637,AAXJ,800,99
1605882840606,ABCO,100,40
1605882840622,ABAX,800,3
1605882840607,ABAX,400,1
1605882840623,ABCO,500,38
1605882840608,ABDC,200,0
1605882840624,AAPL,200,108
1605882840609,AAON,900,56
1605882840625,AAAP,700,81
1605882840610,AAWW,500,111
1605882840626,ABDC,400,4
1605882840595,AAXJ,400,95
1605882840611,AAME,500,27
1605882840627,AAON,700,56
1605882840628,ABEOW,400,154
1605882840615,AAON,800,55
1605882840616,AAAP,400,80
1605882840617,ABCD,300,129
1605882840633,ABCD,600,131
1605882840618,AAXJ,500,97
1605882840619,ABCB,800,87
1605882840639,AAL,600,169
1605882840640,ABAC,400,2
1605882840656,AAPL,700,112
1605882840643,ABCD,800,131
1605882840629,AAOI,200,115
1605882840645,ABCB,700,89
1605882840630,AAAP,700,83
1605882840646,ABIO,800,112
1605882840632,ABEO,100,6
1605882840648,ABIL,600,2
1605882840635,AAXJ,800,98
1605882840651,AAOI,500,117
1605882840636,ABCO,900,36
1605882840652,AAL,800,173
1605882840653,AAAP,200,88
1605882840638,AAPC,800,107
1605882840654,AAON,500,56
1605882840655,ABDC,700,10
1605882840641,ABEOW,100,156
1605882840642,AAAP,800,84
1605882840644,ABDC,400,7
1605882840631,ABCD,600,130
1605882840647,AAPC,500,110
1605882840649,ABEOW,300,157
1605882840634,AAPL,100,110
1605882840650,AAAP,600,86
1605882840659,AAL,900,179
1605882840662,ABDC,600,13
1605882840663,AAPL,100,113
1605882840664,ABCB,700,91
1605882840670,AAL,400,182
1605882840660,ABCD,400,131
1605882840657,AAOI,800,120
1605882840673,AAAP,200,93
1605882840658,AAL,900,176
1605882840674,ABIL,800,1
1605882840676,AAL,200,185
1605882840665,AAON,900,56
1605882840668,AAOI,700,123
1605882840671,ABEOW,900,159
1605882840669,ABIO,200,113
1605882840685,AAXJ,400,100
1605882840675,ABIO,400,115
1605882840691,ABEOW,300,162
1605882840661,ABCB,400,90
1605882840677,ABEOW,900,161
1605882840672,AAAP,400,91
1605882840688,ABAC,200,1
1605882840693,ABCO,700,34
1605882840680,ABMD,800,61
1605882840666,ABAX,600,5
1605882840682,ABCB,700,93
1605882840678,AAON,800,56
1605882840694,ABMD,300,62
1605882840679,AAON,400,56
1605882840696,AAME,200,33
1605882840698,AAAP,700,96
1605882840692,ABEOW,300,163
1605882840695,AAON,400,57
1605882840667,AAAP,400,90
1605882840683,AAAP,400,94
1605882840699,ABEOW,700,165
1605882840684,ABIO,600,116
1605882840700,AAOI,700,125
1605882840686,AAME,700,30
1605882840702,ABAX,300,7
1605882840690,ABIO,600,118
1605882840706,AAPL,100,114
1605882840681,ABDC,500,17
1605882840697,ABDC,700,20
1605882840687,AAWW,300,114
1605882840703,ABCD,100,132
1605882840707,ABMD,300,63
1605882840709,ABCB,700,95
1605882840704,AAWW,500,117
1605882840689,AAAP,400,95
1605882840705,AAOI,100,128
1605882840712,ABAX,900,10
1605882840714,ABEOW,800,167
1605882840710,AAAP,900,96
1605882840711,ABIL,300,1
1605882840715,ABDC,500,24
1605882840701,ABIL,600,1
1605882840717,ABEO,200,4
1605882840708,ABAX,700,9
1605882840716,AAAP,400,97
1605882840713,AAWW,700,120
1605882840732,ABAX,400,10
1605882840724,ABEOW,600,169
1605882840729,AAWW,700,124
1605882840745,ABIO,600,122
1605882840748,AAL,800,190
1605882840764,ABIL,200,3
1605882840733,ABMD,600,64
1605882840749,ABIO,300,124
1605882840765,ABAC,600,1
1605882840718,AAAP,400,98
1605882840734,AAPL,300,117
1605882840750,AAPC,100,113
1605882840766,ABAC,700,2
1605882840719,ABIL,100,0
1605882840735,AAWW,400,127
1605882840751,ABCD,400,132
1605882840767,ABCO,500,30
1605882840720,ABAC,600,0
1605882840736,ABEO,200,4
1605882840752,ABAX,500,11
1605882840721,ABEO,100,1
1605882840737,ABMD,500,64
1605882840753,AAME,500,36
1605882840722,AAPL,100,116
1605882840738,ABCO,800,32
1605882840754,AAME,800,39
1605882840723,ABIO,700,120
1605882840739,AAL,400,188
1605882840755,AAME,900,41
1605882840740,ABEO,900,7
1605882840756,ABIL,600,1
1605882840725,AAXJ,700,101
1605882840741,AAPL,300,119
1605882840757,AAL,500,193
1605882840773,AAPL,200,122
1605882840726,AAAP,300,98
1605882840742,ABEOW,400,175
1605882840758,ABAX,200,12
1605882840727,ABEOW,900,170
1605882840743,AAPL,600,120
1605882840759,AAME,400,44
1605882840728,ABEOW,400,171
1605882840744,AAOI,200,130
1605882840760,ABMD,300,64
1605882840761,AAWW,200,130
1605882840768,AAOI,800,132
1605882840769,AAPC,100,115
1605882840770,ABDC,700,27
1605882840771,AAAP,900,100
1605882840775,ABAC,200,3
1605882840730,ABEOW,100,173
1605882840746,AAON,500,57
1605882840762,ABIL,900,2
1605882840778,ABDC,200,31
1605882840731,ABMD,600,63
1605882840747,AAAP,500,100
1605882840763,AAON,600,57
1605882840772,AAPC,600,117
1605882840776,ABCD,200,132
1605882840774,ABEO,600,10
1605882840777,ABCD,800,133
1605882840783,AAPC,900,123
1605882840799,ABDC,700,35
1605882840784,ABCD,400,134
1605882840785,AAME,100,46
1605882840788,ABAX,300,13
1605882840804,ABDC,500,39
1605882840790,AAWW,600,134
1605882840806,ABDC,300,43
1605882840791,ABAX,400,14
1605882840792,ABAC,500,5
1605882840793,AAXJ,500,101
1605882840809,ABAX,200,16
1605882840779,ABCB,700,97
1605882840780,AAON,500,58
1605882840796,AAXJ,200,102
1605882840812,AAOI,100,134
1605882840795,AAWW,900,137
1605882840811,ABEOW,400,185
1605882840782,AAPC,500,120
1605882840801,ABMD,400,64
1605882840817,AAPL,500,124
1605882840787,ABIL,800,5
1605882840803,AAPC,600,125
1605882840819,ABCO,200,25
1605882840798,AAXJ,900,103
1605882840814,ABCO,100,28
1605882840789,ABCB,700,98
1605882840805,AAOI,500,133
1605882840821,ABCO,800,22
1605882840794,ABEOW,900,180
1605882840810,AAME,100,48
1605882840820,ABCD,500,135
1605882840807,ABIO,500,126
1605882840823,ABCO,500,19
1605882840808,ABCB,700,100
1605882840824,AAPC,700,129
1605882840826,AAPC,700,132
1605882840828,ABAX,200,19
1605882840830,ABAX,900,20
1605882840815,AAON,200,58
1605882840831,AAOI,300,135
1605882840833,ABMD,500,64
1605882840786,ABEOW,300,177
1605882840802,ABEOW,800,183
1605882840818,AAPL,800,126
1605882840834,ABEOW,600,187
1605882840835,AAAP,500,101
1605882840836,AAWW,400,144
1605882840837,ABAX,300,21
1605882840822,ABEO,400,17
1605882840838,ABCO,200,17
1605882840839,AAL,800,199
1605882840825,ABAX,200,17
1605882840827,ABAX,400,18
1605882840781,ABEO,800,13
1605882840797,ABIL,700,7
1605882840813,AAPL,400,123
1605882840829,AAWW,600,141
1605882840800,AAL,800,196
1605882840816,ABCD,300,134
1605882840832,AAOI,600,136
1605882840840,AAWW,600,148
1605882840856,AAME,100,55
1605882840842,ABEOW,800,190
1605882840858,AAOI,500,138
1605882840848,AAON,900,58
1605882840864,ABCD,800,136
1605882840841,AAAP,200,101
1605882840857,ABAC,200,7
1605882840844,AAON,600,58
1605882840860,ABIO,200,134
1605882840845,ABIO,200,129
1605882840861,ABCD,400,136
1605882840847,AAAP,400,102
1605882840863,AAOI,600,138
1605882840849,ABAC,400,6
1605882840865,ABCB,100,103
1605882840851,AAME,200,50
1605882840867,AAPC,800,135
1605882840854,ABIO,300,132
1605882840870,AAAP,600,102
1605882840876,AAXJ,200,103
1605882840853,AAME,200,52
1605882840846,AAOI,100,137
1605882840850,AAXJ,800,103
1605882840852,ABEOW,100,192
1605882840868,AAXJ,200,103
1605882840884,ABIL,800,13
1605882840869,AAWW,200,151
1605882840885,AAON,400,61
1605882840862,AAAP,400,102
1605882840878,AAON,100,59
1605882840880,AAWW,700,154
1605882840866,AAOI,800,139
1605882840882,AAPC,100,138
1605882840872,ABCB,600,105
1605882840888,AAXJ,500,103
1605882840874,ABEO,400,21
1605882840890,AAOI,200,140
1605882840877,ABCD,500,137
1605882840893,ABDC,200,57
1605882840879,AAAP,900,102
1605882840886,ABDC,200,48
1605882840873,ABCD,400,137
1605882840889,ABMD,800,63
1605882840895,ABIL,200,16
1605882840855,AAME,500,53
1605882840871,ABIL,600,11
1605882840887,ABDC,600,52
1605882840843,AAON,700,58
1605882840859,ABIL,800,9
1605882840875,AAPL,400,127
1605882840891,AAPL,100,129
1605882840892,AAXJ,100,102
1605882840883,AAON,700,60
1605882840899,ABEO,500,25
1605882840894,ABMD,100,63
1605882840896,AAPC,100,141
1605882840881,AAWW,900,157
1605882840897,ABIL,400,19
1605882840898,ABCD,900,138
1605882840900,AAL,200,202
1605882840914,AAPC,100,144
1605882840916,ABIO,800,136
1605882840912,ABEO,300,34
1605882840905,AAPL,700,132
1605882840921,AAL,400,208
1605882840913,ABCB,200,108
1605882840901,ABEO,300,30
1605882840917,AAPL,100,134
1605882840902,ABCB,700,107
1605882840911,AAON,300,62
1605882840927,ABDC,400,61
1605882840918,ABIO,700,139
1605882840904,AAPL,600,130
1605882840920,AAOI,100,141
1605882840906,ABIL,100,22
1605882840922,ABEO,200,39
1605882840903,ABCO,200,13
1605882840919,ABIL,700,25
1605882840935,AAL,400,211
1605882840909,ABCD,300,138
1605882840925,AAON,700,63
1605882840907,AAPL,700,133
1605882840923,ABIO,200,142
1605882840939,AAON,500,64
1605882840908,AAON,400,61
1605882840924,AAAP,700,102
1605882840940,ABIL,300,28
1605882840930,ABEO,200,43
1605882840932,ABAC,800,10
1605882840937,ABMD,200,64
1605882840910,AAL,800,204
1605882840926,AAWW,300,161
1605882840928,ABAC,600,8
1605882840946,ABEO,500,51
1605882840933,ABCD,500,139
1605882840949,ABIL,500,32
1605882840942,ABMD,600,64
1605882840943,ABDC,900,65
1605882840944,ABEO,100,47
1605882840929,ABMD,300,64
1605882840945,ABEOW,900,200
1605882840915,ABEOW,800,194
1605882840934,ABMD,300,64
1605882840950,ABEO,600,55
1605882840931,ABEOW,300,196
1605882840947,ABCB,300,109
1605882840936,AAAP,200,102
1605882840952,ABIO,500,145
1605882840956,AAL,800,215
1605882840948,ABDC,700,69
1605882840951,ABCO,600,10
1605882840938,AAOI,200,142
1605882840954,ABIL,100,35
1605882840941,ABEOW,400,198
1605882840957,AAL,800,220
1605882840958,ABIL,300,38
1605882840960,ABEOW,900,201
1605882840961,AAXJ,100,102
1605882840953,ABCO,600,7
1605882840959,ABCB,100,111
1605882840955,AAOI,300,143
1605882840973,AAWW,900,164
1605882840962,ABIL,700,42
1605882840969,AAON,600,66
1605882840971,AAON,200,67
1605882840966,AAPL,200,135
1605882840982,ABDC,300,85
1605882840965,ABDC,900,73
1605882840981,ABIO,700,151
1605882840967,AAPC,800,146
1605882840983,ABDC,800,88
1605882840970,ABDC,700,77
1605882840986,AAL,200,228
1605882840963,ABCB,100,113
1605882840979,AAOI,900,143
1605882840964,ABMD,700,64
1605882840980,ABIO,400,149
1605882840968,ABEO,900,59
1605882840984,ABCD,800,139
1605882840985,ABAC,200,12
1605882840989,ABAX,900,23
1605882840978,AAL,300,224
1605882840994,AAME,800,57
1605882840987,ABEOW,900,204
1605882841003,AAAP,100,102
1605882840972,ABIO,200,147
1605882840988,ABIO,500,153
1605882841004,ABIO,600,156
1605882840974,ABEOW,800,203
1605882840990,AAME,400,56
1605882841006,ABDC,500,95
1605882840975,ABDC,600,81
1605882840991,ABAX,900,24
1605882841007,AAPC,900,151
1605882840976,ABCO,100,3
1605882840992,ABEO,800,64
1605882840977,ABAX,900,22
1605882840993,AAWW,500,168
1605882841009,AAPL,300,137
1605882840996,AAON,700,69
1605882840997,AAPC,300,149
1605882840998,AAON,900,71
1605882840999,AAL,500,233
1605882841015,ABAX,700,25
1605882841002,AAXJ,200,102
1605882841005,AAL,100,237
1605882841010,ABDC,400,98
1605882840995,AAAP,800,102
1605882841011,ABMD,800,63
1605882841000,ABDC,500,92
1605882841016,AAXJ,300,101
1605882841001,AAME,200,58
1605882841017,ABAC,200,15
1605882841021,ABIL,500,46
1605882841008,AAME,800,59
1605882841019,AAAP,600,102
1605882841020,AAPC,100,153
1605882841012,AAME,400,61
1605882841022,ABIO,300,159
1605882841013,ABCD,300,140
1605882841014,ABAC,900,13
1605882841018,ABCO,800,0
1605882841037,ABEOW,800,207
1605882841023,ABDC,100,101
1605882841039,AAPL,600,138
1605882841024,ABMD,100,63
1605882841040,ABAC,900,17
1605882841025,ABCB,600,114
1605882841026,ABEO,400,68
1605882841027,ABCB,400,116
1605882841031,AAOI,100,145
1605882841032,AAON,800,72
1605882841033,ABMD,300,62
1605882841035,AAON,800,74
1605882841036,ABEOW,200,206
1605882841038,AAME,600,64
1605882841028,ABCB,300,116
1605882841044,AAL,400,241
1605882841030,AAME,900,62
1605882841046,ABDC,800,106
1605882841029,ABCO,500,3
1605882841045,ABCO,400,6
1605882841034,AAAP,100,102
1605882841050,AAPL,600,139
1605882841043,ABCB,900,118
1605882841047,ABCD,600,140
1605882841048,AAAP,900,102
1605882841051,ABDC,400,108
1605882841042,ABDC,700,104
1605882841041,ABMD,500,61
1605882841049,ABCB,700,119
1605882841052,ABMD,900,59
1605882841054,ABCO,900,10
1605882841061,ABAX,500,27
1605882841066,ABCD,800,141
1605882841059,AAXJ,800,101
1605882841063,AAON,100,76
1605882841058,ABAC,900,19
1605882841068,ABCO,500,17
1605882841084,ABCO,800,21
1605882841100,AAPL,200,147
1605882841053,AAXJ,200,101
1605882841069,ABAC,100,21
1605882841085,AAOI,300,149
1605882841101,ABIO,500,168
1605882841070,ABIO,900,161
1605882841086,ABDC,900,110
1605882841102,ABDC,400,113
1605882841055,AAWW,700,171
1605882841071,ABEO,100,73
1605882841087,ABEO,500,78
1605882841103,AAWW,100,181
1605882841119,ABCO,300,25
1605882841056,AAOI,100,146
1605882841072,AAXJ,600,100
1605882841088,AAPL,100,146
1605882841104,AAAP,500,100
1605882841057,ABCO,600,13
1605882841073,ABEOW,300,209
1605882841089,ABCD,200,141
1605882841105,ABAC,600,25
1605882841074,ABAC,100,23
1605882841090,AAL,300,246
1605882841106,ABDC,400,115
1605882841075,ABMD,700,58
1605882841060,AAXJ,100,100
1605882841076,AAPL,400,144
1605882841092,ABMD,800,57
1605882841108,AAPL,300,149
1605882841077,AAON,200,78
1605882841062,AAPL,300,141
1605882841078,AAOI,500,147
1605882841094,ABCB,900,120
1605882841110,ABCD,800,141
1605882841079,AAON,100,80
1605882841095,AAPC,600,158
1605882841064,AAWW,600,174
1605882841080,AAWW,600,178
1605882841096,AAXJ,800,97
1605882841065,ABIL,700,50
1605882841081,ABIO,200,165
1605882841097,AAPC,800,159
1605882841067,ABAX,300,28
1605882841083,AAPC,700,156
1605882841099,AAXJ,900,97
1605882841115,AAME,800,68
1605882841116,AAL,500,255
1605882841132,ABCB,100,123
1605882841117,AAPL,800,153
1605882841133,AAOI,300,151
1605882841118,ABCB,900,121
1605882841135,AAON,200,81
1605882841120,ABAC,500,27
1605882841136,AAL,800,266
1605882841121,ABIO,700,171
1605882841122,AAPC,900,160
1605882841124,AAL,100,261
1605882841126,AAPC,400,161
1605882841111,AAME,800,65
1605882841112,AAOI,600,150
1605882841128,AAME,700,69
1605882841113,AAXJ,600,96
1605882841129,AAPL,900,155
1605882841131,ABIO,600,175
1605882841138,ABEOW,200,211
1605882841127,ABDC,700,118
1605882841143,ABAC,400,30
1605882841137,AAXJ,600,96
1605882841134,AAME,400,70
1605882841140,ABCD,300,141
1605882841142,AAME,900,71
1605882841144,ABMD,300,55
1605882841148,ABIO,500,178
1605882841164,ABCB,900,127
1605882841149,ABEOW,700,212
1605882841165,AAXJ,300,95
1605882841150,ABDC,400,122
1605882841151,ABCB,700,124
1605882841167,ABEO,100,97
1605882841152,AAL,900,272
1605882841168,AAOI,500,154
1605882841091,AAXJ,600,99
1605882841107,ABMD,800,55
1605882841123,ABDC,300,116
1605882841139,AAPC,700,162
1605882841155,ABAX,300,30
1605882841171,AAXJ,800,96
1605882841156,ABCB,100,126
1605882841093,AAAP,200,101
1605882841109,AAPL,200,151
1605882841125,AAPC,300,161
1605882841141,ABDC,500,121
1605882841157,ABIO,900,181
1605882841158,ABEO,700,92
1605882841160,AAL,300,277
1605882841145,AAME,700,72
1605882841161,ABMD,100,53
1605882841082,AAAP,100,101
1605882841098,AAL,500,250
1605882841114,AAME,200,66
1605882841130,ABEO,800,83
1605882841146,ABMD,900,54
1605882841162,ABIO,700,185
1605882841147,AAOI,900,152
1605882841163,ABCB,700,127
1605882841166,ABCO,600,29
1605882841182,ABAX,300,33
1605882841154,ABEO,500,87
1605882841170,ABMD,700,52
1605882841172,AAPC,400,162
1605882841159,AAOI,100,153
1605882841175,ABIO,800,188
1605882841180,ABDC,600,127
1605882841196,AAL,300,283
1605882841181,ABIL,300,53
1605882841197,ABEOW,500,215
1605882841183,ABMD,200,51
1605882841199,ABCD,600,142
1605882841184,ABAX,100,35
1605882841200,ABIL,300,60
1605882841153,AAME,200,72
1605882841169,ABCB,200,128
1605882841185,AAPL,600,158
1605882841186,AAOI,900,155
1605882841188,AAON,700,84
1605882841174,ABDC,700,125
1605882841190,AAXJ,700,96
1605882841191,AAOI,300,156
1605882841176,ABAC,600,33
1605882841192,ABEO,300,103
1605882841177,ABCD,300,142
1605882841193,AAAP,600,99
1605882841179,AAOI,500,154
1605882841195,ABIL,300,56
1605882841201,AAL,500,289
1605882841202,AAAP,100,98
1605882841204,ABCD,100,143
1605882841173,ABAC,600,32
1605882841189,ABCO,300,32
1605882841205,ABEOW,400,217
1605882841178,ABEOW,100,214
1605882841194,AAXJ,100,96
1605882841187,AAPC,800,162
1605882841203,ABAC,800,35
1605882841198,AAME,400,73
1605882841212,ABIO,400,192
1605882841228,ABCD,900,144
1605882841217,AAL,300,294
1605882841207,ABMD,200,49
1605882841214,ABMD,500,47
1605882841206,AAAP,600,97
1605882841222,ABCO,100,37
1605882841208,ABCD,900,143
1605882841224,ABCB,200,129
1605882841213,ABEOW,500,218
1605882841230,ABCO,700,46
1605882841216,ABMD,100,45
1605882841232,AAWW,300,188
1605882841229,AAON,500,85
1605882841209,AAME,600,73
1605882841225,ABCB,800,129
1605882841233,ABCB,900,130
1605882841211,ABIL,500,64
1605882841227,ABCO,300,41
1605882841218,ABEO,500,108
1605882841223,AAPL,600,160
1605882841239,ABAX,600,39
1605882841234,AAPL,900,163
1605882841244,AAL,800,299
1605882841245,ABMD,700,43
1605882841246,ABAC,200,39
1605882841248,AAPC,800,162
1605882841249,ABCO,800,51
1605882841250,ABCD,900,145
1605882841220,ABAX,100,37
1605882841236,ABCB,700,130
1605882841252,AAPC,200,161
1605882841238,AAON,900,88
1605882841254,AAPL,700,166
1605882841255,AAL,600,305
1605882841240,ABCB,300,131
1605882841241,AAON,700,90
1605882841243,AAXJ,800,97
1605882841260,AAON,900,93
1605882841261,AAON,300,96
1605882841262,AAME,800,76
1605882841264,ABDC,100,131
1605882841265,AAON,300,98
1605882841266,ABCO,500,57
1605882841256,AAPL,200,168
1605882841257,ABAX,900,42
1605882841259,ABAC,500,40
1605882841272,ABDC,500,134
1605882841275,ABAX,500,45
1605882841276,ABCO,200,62
1605882841278,ABCO,300,68
1605882841280,AAAP,400,97
1605882841277,ABAX,600,48
1605882841281,ABEO,800,133
1605882841273,ABEOW,100,220
1605882841282,AAPC,500,161
1605882841292,ABMD,300,37
1605882841293,AAXJ,600,96
1605882841294,AAPC,700,159
1605882841296,AAOI,900,158
1605882841297,ABIL,100,71
1605882841268,AAXJ,500,96
1605882841284,ABMD,600,41
1605882841270,AAAP,300,97
1605882841286,ABIL,700,68
1605882841271,AAL,500,311
1605882841287,AAL,700,317
1605882841288,AAOI,800,157
1605882841289,ABEO,700,139
1605882841305,ABAX,600,51
1605882841291,ABCB,400,131
1605882841298,ABCB,100,132
1605882841300,ABCD,600,147
1605882841302,ABIO,600,197
1605882841303,ABMD,200,34
1605882841304,AAON,600,105
1605882841308,ABCO,500,73
1605882841324,ABIL,900,75
1605882841309,AAOI,500,159
1605882841325,ABCD,500,148
1605882841310,ABAC,700,43
1605882841326,AAPL,600,171
1605882841312,AAON,100,107
1605882841313,ABDC,700,138
1605882841314,ABEO,800,151
1605882841316,ABCB,400,132
1605882841318,ABIO,100,203
1605882841319,AAON,900,110
1605882841320,ABMD,700,31
1605882841321,ABAC,400,45
1605882841307,ABDC,300,136
1605882841323,ABCO,200,79
1605882841340,ABCB,600,134
1605882841341,ABCB,500,134
1605882841339,AAXJ,500,94
1605882841356,ABIL,100,81
1605882841357,ABEOW,700,225
1605882841342,AAAP,700,97
1605882841358,AAME,100,78
1605882841328,ABEOW,400,223
1605882841344,ABCO,800,85
1605882841360,AAME,500,82
1605882841329,AAOI,700,161
1605882841345,AAPL,700,172
1605882841361,ABDC,800,142
1605882841330,AAAP,700,96
1605882841346,AAWW,400,192
1605882841332,ABCD,600,149
1605882841348,ABMD,800,26
1605882841334,ABEOW,700,224
1605882841350,ABIO,200,205
1605882841335,ABDC,100,140
1605882841351,AAAP,800,97
1605882841336,ABEO,100,157
1605882841352,AAAP,600,97
1605882841337,ABIL,500,78
1605882841353,AAPC,200,158
1605882841355,ABIO,500,207
1605882841376,AAAP,200,98
1605882841377,AAAP,200,98
1605882841362,ABCD,100,150
1605882841378,AAWW,300,197
1605882841364,ABAX,400,57
1605882841369,AAOI,500,162
1605882841366,ABIL,100,84
1605882841367,AAPL,400,174
1605882841372,AAME,700,84
1605882841373,ABEO,700,162
1605882841374,AAON,500,112
1605882841368,ABAC,200,48
1605882841371,AAPL,500,175
1605882841215,AAWW,700,185
1605882841231,ABDC,200,129
1605882841247,ABIO,500,194
1605882841263,AAPL,400,170
1605882841279,ABEO,200,126
1605882841385,ABIL,500,90
1605882841295,ABEOW,300,221
1605882841311,AAXJ,500,95
1605882841327,ABEOW,800,222
1605882841343,ABCB,900,135
1605882841359,AAME,700,80
1605882841375,ABDC,300,143
1605882841221,ABEO,300,114
1605882841237,ABAC,700,37
1605882841253,AAPL,800,165
1605882841269,ABCD,800,146
1605882841285,AAON,600,103
1605882841301,ABEO,600,145
1605882841317,ABCB,400,133
1605882841333,AAL,900,328
1605882841349,AAL,500,333
1605882841365,ABCD,100,151
1605882841380,ABIL,700,87
1605882841381,ABAC,400,50
1605882841383,ABAX,800,60
1605882841210,AAOI,400,157
1605882841226,AAPL,200,162
1605882841242,ABEO,200,120
1605882841382,ABEOW,800,225
1605882841258,AAME,500,75
1605882841274,AAME,600,77
1605882841290,ABMD,900,39
1605882841306,ABAX,100,54
1605882841322,AAOI,100,160
1605882841338,AAME,900,77
1605882841354,AAL,300,339
1605882841370,AAPC,900,156
1605882841386,AAPL,300,177
1605882841389,AAOI,100,163
1605882841219,AAXJ,600,96
1605882841235,AAME,800,74
1605882841251,AAME,100,74
1605882841267,ABAC,300,41
1605882841283,AAON,300,100
1605882841299,ABCD,400,146
1605882841315,ABIO,900,200
1605882841331,AAL,100,322
1605882841347,ABMD,400,29
1605882841363,ABMD,100,24
1605882841384,AAL,200,350
1605882841388,AAON,800,114
1605882841390,ABCB,900,135
1605882841379,AAL,900,345
1605882841387,ABMD,500,21
1605882841392,ABCD,100,151
1605882841404,ABEO,100,172
1605882841405,ABDC,600,145
1605882841406,AAWW,600,201
1605882841391,ABIO,400,209
1605882841408,AAPC,700,154
1605882841393,ABMD,200,18
1605882841394,ABIL,500,93
1605882841396,ABEO,400,167
1605882841397,ABCB,900,135
1605882841398,ABIL,100,96
1605882841399,AAOI,600,165
1605882841400,ABIO,800,211
1605882841403,ABIL,100,99
1605882841420,ABCB,100,136
1605882841421,AAOI,700,167
1605882841437,AAWW,400,205
1605882841422,ABEO,500,182
1605882841424,ABAX,400,66
1605882841409,ABCB,200,136
1605882841410,AAPL,600,179
1605882841412,ABIL,300,101
1605882841414,ABEO,500,177
1605882841415,ABMD,600,12
1605882841416,ABCD,400,151
1605882841401,AAON,600,115
1605882841417,ABCD,500,151
1605882841419,AAPC,100,151
1605882841425,ABIO,700,212
1605882841426,ABIO,300,214
1605882841428,ABIL,600,103
1605882841430,AAAP,500,98
1605882841433,ABEO,900,188
1605882841431,AAOI,300,169
1605882841432,ABCD,700,151
1605882841435,AAXJ,500,92
1605882841436,AAL,800,361
1605882841438,ABEOW,100,226
1605882841440,AAPL,200,183
1605882841441,ABAX,800,69
1605882841442,ABCB,200,136
1605882841444,AAAP,900,98
1605882841446,AAOI,800,171
1605882841447,ABDC,500,146
1605882841448,ABMD,900,6
1605882841449,AAL,500,366
1605882841452,AAOI,400,173
1605882841468,ABEO,100,206
1605882841454,ABCB,100,137
1605882841470,AAL,300,379
1605882841456,AAPC,800,149
1605882841457,ABAX,900,72
1605882841473,ABCB,500,138
1605882841460,AAPL,800,184
1605882841476,ABAC,800,55
1605882841462,ABMD,800,4
1605882841478,ABIL,800,108
1605882841465,ABEO,800,200
1605882841481,AAAP,300,97
1605882841451,AAL,700,373
1605882841467,AAME,900,88
1605882841472,AAOI,200,181
1605882841458,ABIO,400,220
1605882841474,ABCB,400,138
1605882841463,ABCB,500,137
1605882841479,ABIL,700,111
1605882841464,AAOI,500,175
1605882841480,ABIO,900,223
1605882841483,ABIL,700,114
1605882841484,AAAP,200,96
1605882841486,AAOI,800,184
1605882841500,ABAC,900,60
1605882841453,AAXJ,400,91
1605882841469,AAOI,400,178
1605882841485,ABEO,500,212
1605882841501,AAAP,900,96
1605882841502,ABMD,300,1
1605882841488,AAOI,800,188
1605882841504,ABEOW,500,230
1605882841489,AAAP,700,96
1605882841505,AAPL,800,188
1605882841490,AAME,400,90
1605882841492,AAWW,500,214
1605882841494,AAPC,900,147
1605882841495,AAOI,300,191
1605882841496,AAPL,400,188
1605882841497,AAOI,100,194
1605882841499,ABCO,900,97
1605882841508,AAXJ,900,90
1605882841506,ABAX,600,75
1605882841510,AAON,100,116
1605882841517,ABCO,300,102
1605882841521,AAPC,400,146
1605882841522,AAL,400,385
1605882841524,AAOI,600,197
1605882841526,AAON,300,120
1605882841520,ABCB,700,137
1605882841513,ABAX,200,77
1605882841529,ABDC,900,154
1605882841516,ABCD,300,151
1605882841532,ABAC,800,63
1605882841533,AAL,400,391
1605882841518,ABEOW,700,233
1605882841534,AAWW,500,233
1605882841538,ABCB,100,137
1605882841540,ABCD,700,151
1605882841542,AAME,600,94
1605882841511,ABCD,700,151
1605882841527,ABEOW,700,235
1605882841512,AAWW,500,219
1605882841528,AAXJ,500,88
1605882841515,ABMD,400,4
1605882841531,AAWW,500,228
1605882841536,AAPC,800,145
1605882841537,ABCO,400,108
1605882841543,AAL,800,398
1605882841545,ABAX,900,80
1605882841544,AAON,700,122
1605882841407,ABCB,400,135
1605882841423,ABMD,200,9
1605882841439,AAWW,700,210
1605882841455,ABIO,800,217
1605882841471,ABDC,600,148
1605882841487,AAPL,200,186
1605882841503,ABEOW,500,229
1605882841519,AAME,200,92
1605882841535,ABDC,600,156
1605882841413,ABAX,400,63
1605882841429,ABIO,600,215
1605882841445,ABEO,300,193
1605882841461,AAME,700,86
1605882841477,ABAC,400,58
1605882841493,AAPL,900,187
1605882841509,ABDC,500,152
1605882841525,AAAP,100,95
1605882841541,ABDC,100,159
1605882841395,ABMD,400,15
1605882841411,AAPL,400,180
1605882841427,AAPL,800,182
1605882841443,ABCB,800,137
1605882841459,ABAC,700,53
1605882841475,AAPL,400,185
1605882841491,ABEOW,300,228
1605882841507,ABEOW,300,231
1605882841523,AAON,900,118
1605882841539,ABIO,800,226
1605882841402,AAXJ,900,93
1605882841418,AAL,800,355
1605882841434,ABIL,900,105
1605882841450,AAPL,500,184
1605882841466,AAPC,800,148
1605882841482,ABCO,200,91
1605882841498,ABDC,600,150
1605882841514,AAXJ,700,89
1605882841530,AAWW,500,223
